rackTotCnt,stationName,parkingBikeTotCnt,shared,stationLatitude,stationLongitude,stationId
22,102. 망원역 1번출구 앞,2,0,37.55564880,126.91062927,ST-4
16,103. 망원역 2번출구 앞,0,0,37.55495071,126.91083527,ST-5
15,104. 합정역 1번출구 앞,0,0,37.55062866,126.91498566,ST-6
7,105. 합정역 5번출구 앞,0,0,37.55000687,126.91482544,ST-7
12,106. 합정역 7번출구 앞,2,0,37.54864502,126.91282654,ST-8
7,107. 신한은행 서교동금융센터점 앞,8,0,37.55751038,126.91850281,ST-9
12,108. 서교동 사거리,1,0,37.55274582,126.91861725,ST-10
12,109. 제일빌딩 앞,2,0,37.54769135,126.91998291,ST-11
22,110. 사천교,2,0,37.56819916,126.91784668,ST-13
12,111. 상수역 2번출구 앞,0,0,37.54787064,126.92353058,ST-15
12,112. 극동방송국 앞,1,0,37.54920197,126.92320251,ST-16
27,113. 홍대입구역 2번출구 앞,1,0,37.55749893,126.92380524,ST-18
17,114. 홍대입구역 8번출구 앞,0,0,37.55706024,126.92442322,ST-20
17,115. 사루비아 빌딩 앞,3,0,37.55893326,126.92711639,ST-12
7,116. 일진아이윌아파트 옆,3,0,37.56454086,126.92707062,ST-14
27,117. 홍은사거리,1,0,37.59115982,126.94132996,ST-17
12,118. 광흥창역 2번출구 앞,3,0,37.54773331,126.93176270,ST-19
12,119. 서강나루 공원,2,0,37.54528427,126.93105316,ST-21
7,120. 신수동 사거리,1,0,37.54524231,126.93411255,ST-22
17,121. 마포소방서 앞,2,0,37.54976654,126.93317413,ST-23
12,122. 신성기사식당 앞,0,0,37.54745865,126.93837738,ST-24
22,123. 문화촌 공원,10,0,37.59432983,126.94738770,ST-25
22,124. 서강대 정문 건너편,1,0,37.55113983,126.93698883,ST-26
17,125. 서강대 남문 옆,5,0,37.54948425,126.93894958,ST-27
22,126. 서강대 후문 옆,2,0,37.55041122,126.94384766,ST-28
17,127. 현대벤처빌 앞,0,0,37.55352020,126.93695068,ST-29
22,128. 신촌역(2호선) 1번출구 옆,0,0,37.55549622,126.93634033,ST-30
17,129. 신촌역(2호선) 6번출구 옆,0,0,37.55505371,126.93756866,ST-31
12,130. 신촌역(2호선) 7번출구 앞,2,0,37.55485916,126.93615723,ST-32
25,131. 증산2교,1,0,37.58417130,126.91110229,ST-33
17,133. 해담는다리,4,0,37.58203125,126.90899658,ST-35
10,134. 연세로 명물길,1,0,37.55789185,126.93807983,ST-36
12,135. 명물길 원형무대 앞,0,0,37.55910110,126.93917847,ST-37
9,136. 대흥동 주민센터,0,0,37.55600357,126.94229889,ST-38
12,137. NH농협 신촌지점 앞,0,0,37.55681229,126.94318390,ST-39
12,138. 신촌동 제1공영주차장 앞,0,0,37.55917740,126.93452454,ST-40
15,139. 연세대 정문 건너편,0,0,37.55979538,126.93447876,ST-43
22,140. 이화여대 후문,0,0,37.56000900,126.94073486,ST-41
22,141. 연대 대운동장 옆,0,0,37.56238174,126.93264771,ST-42
13,142. 아현역 4번출구 앞,0,0,37.55720139,126.95566559,ST-200
11,143. 공덕역 2번출구,2,0,37.54457855,126.95021820,ST-201
12,144. 공덕역 8번출구,6,0,37.54357910,126.95132446,ST-202
11,145. 공덕역 5번출구,2,0,37.54425049,126.95163727,ST-203
14,146. 마포역 2번출구 뒤,0,0,37.53993607,126.94582367,ST-204
9,147. 마포역 4번출구 뒤,3,0,37.53927231,126.94591522,ST-205
13,148. 용강동 주민센터 앞,13,0,37.54234695,126.94302368,ST-206
17,150. 서강대역 2번출구 앞,0,0,37.55295563,126.93434143,ST-207
12,151. 망원1동주민센터,1,0,37.55568695,126.90554810,ST-208
32,152. 마포구민체육센터 앞,52,66,37.55661011,126.89801788,ST-209
12,153. 성산2교 사거리,7,0,37.56469727,126.91261292,ST-210
15,154. 마포구청역 ,12,7,37.56090927,126.90549469,ST-211
17,155. 가좌역1 번출구 뒤,3,0,37.56855011,126.91451263,ST-212
12,156. 서울서부지방법원 앞,1,0,37.54990387,126.95514679,ST-213
14,157. 애오개역 4번출구 앞,5,0,37.55300140,126.95668793,ST-214
17,158. 독립문 어린이 공원,2,0,37.57125854,126.96047974,ST-215
9,159. 이대역 4번 출구,0,0,37.55695343,126.94634247,ST-216
22,160. 북아현동 가구거리,1,0,37.55754852,126.95938110,ST-217
10,161. 무악재역1번 출구,0,0,37.58224487,126.95064545,ST-218
17,162. 봉원고가차도 밑,1,0,37.56526947,126.94624329,ST-219
9,163. 명지전문대학교 정문 앞,4,0,37.58369827,126.92496490,ST-220
12,164. 북가좌1동 주민센터 ,5,0,37.57447815,126.91004944,ST-221
22,165. 중앙근린공원,19,0,37.57513809,126.91394043,ST-222
22,166. 가재울 초등학교,18,18,37.57327652,126.91967773,ST-223
17,167. 연가초등학교 옆,0,0,37.57946014,126.91712952,ST-224
17,169. 북가좌 삼거리,0,0,37.57300186,126.90779877,ST-226
12,170. 가재울 뉴타운 주유소 옆,2,0,37.57311249,126.92244720,ST-227
12,171. 임광빌딩 앞,0,0,37.56472397,126.96727753,ST-228
10,173. 서대문역 8번출구 앞,1,0,37.56477737,126.96614838,ST-230
22,175. 홍연2교옆,1,0,37.57807159,126.93081665,ST-231
12,176. 명지대학교 도서관,2,0,37.58109665,126.92402649,ST-555
10,177. 북가좌 초등학교,3,0,37.57767487,126.90980530,ST-345
12,178. 증산3교 앞,8,0,37.57987595,126.90634918,ST-349
17,179. 가좌역 4번출구 앞,2,0,37.56912231,126.91479492,ST-232
12,180. 충정로역 7번출구 아래,0,0,37.55996704,126.96246338,ST-233
17,181. 망원초록길 입구,3,0,37.55134201,126.90267181,ST-339
12,182. 망원2빗물펌프장 앞,5,0,37.55156708,126.90284729,ST-340
17,183. 하늘채코오롱아파트 건너편,5,0,37.56516647,126.91939545,ST-341
11,184. SK망원동주유소 건너편,3,0,37.55894852,126.90775299,ST-342
17,185. 마포 신수공원 앞,3,0,37.54254532,126.93429565,ST-343
42,186. 월드컵공원,10,0,37.56396484,126.89820862,ST-344
12,188. 홍은동 정원여중 입구,2,0,37.58638763,126.93512726,ST-346
12,191. 서우빌딩(바른학원),2,0,37.57889175,126.91073608,ST-347
12,192. 연서어린이공원,10,0,37.57222748,126.92306519,ST-348
12,194. 증산교 앞,7,0,37.57731628,126.90296936,ST-350
12,195. 모래내고가차도 ,0,0,37.56765747,126.91780853,ST-351
12,196. 연희교차로 인근,0,0,37.56612015,126.92589569,ST-352
17,198. 충정2교,0,0,37.56213760,126.96377563,ST-354
32,199. 서울 월드컵 경기장,2,0,37.56684494,126.89644623,ST-443
22,200. 국회의원회관,0,0,37.52841568,126.91391754,ST-45
17,201. 진미파라곤 앞,0,0,37.53123856,126.92133331,ST-46
32,202. 국민일보 앞,2,0,37.52881622,126.92453003,ST-47
17,203. 국회의사당역 3번출구 옆,3,0,37.52805710,126.91870117,ST-51
15,204. 국회의사당역 5번출구 옆,2,7,37.52816391,126.91702271,ST-50
22,205. 산업은행 앞,1,0,37.52626419,126.92050934,ST-52
37,206. KBS 앞,1,0,37.52466583,126.91802216,ST-53
42,207. 여의나루역 1번출구 앞,6,0,37.52698898,126.93209839,ST-73
14,209. 유진투자증권빌딩 앞,0,0,37.52461243,126.92783356,ST-55
23,210. IFC몰,2,0,37.52606583,126.92553711,ST-56
15,211. 여의도역 4번출구 옆,1,0,37.52222824,126.92463684,ST-57
37,212. 여의도역 1번출구 옆,1,0,37.52136230,126.92346191,ST-58
17,213. KT앞,2,0,37.52190781,126.91895294,ST-59
22,214. 금융감독원 앞,3,0,37.52302170,126.92083740,ST-60
12,215. 여의도고교 앞,4,0,37.52483749,126.93490601,ST-64
12,216. 삼부아파트1동 앞,1,0,37.52349091,126.93289948,ST-65
12,217. NH농협은행 앞,0,0,37.52207947,126.93036652,ST-66
22,218. 증권거래소 앞,0,0,37.52327728,126.92923737,ST-61
14,219. 롯데캐슬엠파이어 옆,1,0,37.52069473,126.92583466,ST-62
32,220. 미성아파트 A동 앞,4,0,37.51936340,126.92604828,ST-63
12,221. 여의도초교 앞,3,0,37.52267456,126.93778992,ST-67
14,222. 시범아파트버스정류장 옆,4,7,37.51943588,126.93759918,ST-68
22,223. 진주아파트상가 앞,1,0,37.51931381,126.93316650,ST-69
22,224. 롯데캐슬 앞,0,0,37.52008820,126.93236542,ST-70
28,225. 앙카라공원 앞,3,0,37.51736832,126.92925262,ST-71
22,226. 샛강역 1번출구 앞,14,0,37.51776505,126.92841339,ST-72
12,227. 양평2나들목 보행통로 입구,11,33,37.54466629,126.88835907,ST-277
12,228. 선유도역 3번출구 앞,7,0,37.53845978,126.89450836,ST-278
22,229. 양평1 보행육교 앞,3,0,37.53587341,126.89218140,ST-279
12,230. 영등포구청역 1번출구,1,0,37.52463531,126.89621735,ST-413
12,231. 남부고용노동지청 남측,0,0,37.52450562,126.89182281,ST-280
22,232. 양평우림 이비즈센타 앞,3,0,37.52565002,126.88781738,ST-281
12,233. YP 센터 앞,1,0,37.52848816,126.89164734,ST-282
12,234. 영등포구민체육센터 앞,7,0,37.50046158,126.90584564,ST-283
12,235. 신길동 우리은행 옆,6,0,37.50456619,126.91023254,ST-284
12,236. 문래동자이아파트 앞,1,0,37.51615524,126.89461517,ST-285
22,237. 보라매 두산위브 건너편,2,0,37.49651337,126.91480255,ST-286
12,238. 제2구민체육센타 앞,5,0,37.52638626,126.90275574,ST-287
22,239. 유스호스텔 앞,2,0,37.52585220,126.90328217,ST-288
12,240. 문래역 4번출구 앞,3,0,37.51873779,126.89557648,ST-289
12,241. 신길우성1차아파트 앞 공원,12,0,37.50532913,126.89848328,ST-290
17,242. 신길선원가와인아파트 앞,12,6,37.51093292,126.91022491,ST-291
17,243. 이앤씨드림타워 앞,0,0,37.52708435,126.89138031,ST-292
22,244. 영등포삼환아파트 앞,5,0,37.53007889,126.90570831,ST-293
12,245. 삼성생명 당산사옥 앞,7,0,37.52826309,126.89662933,ST-294
17,247. 당산역 10번출구 앞,6,0,37.53368759,126.90210724,ST-295
12,248. 초원아파트 앞,0,0,37.53105545,126.92420959,ST-296
10,249. 여의도중학교 옆,0,0,37.52412033,126.93654633,ST-297
12,250. 대림아파트 사거리,7,0,37.50764084,126.92308044,ST-298
12,251. 서울지방병무청 버스정류장,11,0,37.50449371,126.92195129,ST-299
12,252. 보라매역4번출구,6,0,37.49982834,126.91994476,ST-300
12,253. 신풍역 5번출구 인근,1,0,37.50064850,126.90951538,ST-301
12,254. 도림신협 앞,23,42,37.50380325,126.90341949,ST-302
12,255. 도림4거리,16,25,37.50657272,126.90113068,ST-303
12,256. 동아에코빌입구,8,0,37.50947571,126.89929962,ST-304
12,257. 신길삼거리(우리은행),5,0,37.51384354,126.91935730,ST-305
16,258. 신길역3번출구,0,0,37.51769257,126.91429901,ST-306
19,259. 대방역6번출구,44,116,37.51359177,126.92593384,ST-307
17,260. 여의도 마리나선착장 앞,1,0,37.53367996,126.91208649,ST-414
14,262. 영문초등학교 사거리,3,0,37.51992798,126.88918304,ST-416
14,263. 근로자회관 사거리,2,0,37.51715088,126.88862610,ST-417
17,264. 교보생명보험 앞,1,0,37.52193069,126.89161682,ST-418
17,265. 영등포유통상가 사거리,3,0,37.52113342,126.89653778,ST-419
12,266. 영등포청과시장 사거리,0,0,37.52029419,126.90119171,ST-420
12,267. 삼성화재 사옥 옆,2,0,37.53596115,126.89830017,ST-421
8,268. 그랜드컨벤션센터 앞,3,0,37.53471756,126.90000153,ST-422
12,270. 증권거래소후문교차로,1,0,37.52234268,126.92710114,ST-424
12,271. 샛강생태공원방문자센터 앞,2,0,37.51896286,126.92161560,ST-425
22,272. 당산육갑문,6,0,37.53533936,126.90367889,ST-426
12,274. 영등포역지하쇼핑센타 5번출구,3,17,37.51665115,126.90798950,ST-1319
12,275. 신동아아파트,0,0,37.52281570,126.88565063,ST-1320
12,276. SK 영등포주유소,1,0,37.51828384,126.91263580,ST-1321
12,277. 영등포뉴타운지하상가 2번게이트,3,0,37.52011871,126.90516663,ST-1322
12,278. 쌍용플레티넘오피스텔,2,0,37.50793076,126.89523315,ST-1323
17,279. 영등포 푸르지오 아파트,10,6,37.51322937,126.90446472,ST-1353
12,280. 양평동6차현대아파트 앞,4,0,37.53210068,126.89443970,ST-1539
10,281. 신동아아파트 앞,3,0,37.49824142,126.89398193,ST-1540
12,282. 신한은행,0,0,37.48752975,126.90487671,ST-1541
17,283. 아크로타워 스퀘어(영등포시장),9,0,37.52251816,126.90721893,ST-1649
14,284. 센트럴 푸르지오 시티 앞,0,0,37.51821136,126.90222931,ST-1650
10,285. 대림3동사거리(하나은행),4,0,37.49985886,126.89723969,ST-1651
10,286. 우성아파트 교차로,2,0,37.49457169,126.89974976,ST-1652
12,287. 영등포전화국사거리 (서강어린이공원),5,0,37.52576828,126.90573883,ST-1653
12,288. 쌍용예가(구청별관),0,0,37.52809906,126.89338684,ST-1677
12,289. 대림3동사거리,1,0,37.49980927,126.89800262,ST-1697
14,290. 당산동 SK V1 빌딩,1,0,37.53150940,126.89782715,ST-1698
16,291. 문래동 하이테크 시티,0,0,37.51385117,126.89888000,ST-1699
12,292. 영일 어린이공원,5,0,37.51012039,126.90406799,ST-1700
17,293. 충북 미래관,15,0,37.52917099,126.90757751,ST-1701
15,296.KT플라자 영등포점,3,0,37.52630234,126.90538025,ST-1968
20,297.국회3문,0,0,37.52863693,126.91267395,ST-1969
20,298.KBS 연구동 건너편,0,0,37.52750778,126.91429901,ST-1970
10,299.여의도 순복음교회,1,0,37.53179169,126.92245483,ST-1971
9,300. 정동사거리,0,0,37.56805038,126.96923065,ST-116
18,301. 경복궁역 7번출구 앞,0,0,37.57579422,126.97145081,ST-117
14,302. 경복궁역 4번출구 뒤,3,0,37.57594681,126.97406006,ST-118
10,303. 광화문역 1번출구 앞,1,0,37.57176971,126.97466278,ST-119
9,304. 광화문역 2번출구 앞,0,0,37.57211304,126.97757721,ST-120
18,305. 종로구청 옆,0,0,37.57258224,126.97835541,ST-121
21,306. 광화문역 7번출구 앞,1,0,37.57080841,126.97643280,ST-122
13,307. 서울역사박물관 앞,0,0,37.56999969,126.97109985,ST-123
22,308. 광화문 S타워 앞,0,0,37.56996918,126.97393799,ST-124
15,309. 광화문역 6번출구 옆,0,0,37.56988907,126.97645569,ST-125
15,310. 청계광장 옆,0,0,37.56887817,126.97747040,ST-126
37,311. 서울광장 옆,0,0,37.56661224,126.97747040,ST-127
9,312. 시청역 1번출구 뒤,0,0,37.56467438,126.97673798,ST-128
12,314. 국립현대미술관,0,0,37.57970810,126.98085785,ST-130
14,316. 종각역 1번출구 앞,0,0,37.57039642,126.98178864,ST-132
12,318. 광교사거리 남측,0,0,37.56852722,126.98255157,ST-134
22,320. 을지로입구역 4번출구 앞,0,0,37.56622314,126.98358917,ST-136
17,321. KEB 하나금융그룹 명동사옥 옆,0,0,37.56546402,126.98413849,ST-137
17,322. 명동성당 앞,0,0,37.56447601,126.98696899,ST-138
12,324. 신세계백화점 본점 앞,0,0,37.56134033,126.98040009,ST-140
21,326. 안국역 5번출구 앞,0,0,37.57624054,126.98616028,ST-142
12,327. 낙원상가 옆,0,0,37.57335663,126.98746490,ST-143
13,328. 탑골공원 앞,0,0,37.57039642,126.98818970,ST-144
10,329. 청계2가 사거리 옆,0,0,37.56834412,126.98789215,ST-145
12,331. 을지로2가 사거리 북측,0,0,37.56638336,126.98720551,ST-147
7,332. 을지로2가 사거리 남측,0,0,37.56599045,126.98779297,ST-148
12,334. 종로3가역 2번출구 뒤,0,0,37.57059860,126.99179077,ST-150
12,335. 종로3가역 15번출구 앞,0,0,37.57019806,126.99125671,ST-151
12,336. 티마크 호텔 앞,0,0,37.56261826,126.99283600,ST-152
7,337. 창경궁 입구,0,0,37.57897949,126.99647522,ST-153
20,338. 세운스퀘어 앞,0,0,37.57095718,126.99712372,ST-154
12,339. 종로4가 사거리,5,0,37.57106781,126.99819183,ST-155
10,340. 혜화동 로터리,2,0,37.58562851,127.00067902,ST-156
12,341. 혜화역 3번출구 뒤,0,0,37.58156967,127.00178528,ST-157
12,342. 대학로 마로니에공원,0,0,37.57978439,127.00253296,ST-158
14,343. 예일빌딩(율곡로) 앞,0,0,37.57543182,127.00498199,ST-159
12,344. 성균관대 E하우스 앞,1,0,37.57403564,127.00672150,ST-160
17,345. 서울보증보험본사 앞,0,0,37.57330704,127.00070953,ST-161
12,346. 맥스타일 앞,1,0,37.56918335,127.00988007,ST-162
20,347. 동대문역사문화공원역 9번출구 앞,1,0,37.56533051,127.00784302,ST-163
16,348. 독립문역 사거리,5,0,37.57202911,126.96078491,ST-183
9,349. 사직동주민센터,1,0,37.57633209,126.96858978,ST-165
10,351. 청운초교 앞 삼거리,2,0,37.58507919,126.97061920,ST-167
17,352. 중앙고입구 삼거리,0,0,37.58341599,126.98523712,ST-168
10,353. 재동초교 앞 삼거리,0,0,37.57938766,126.98494720,ST-169
12,354. 포르투갈 대사관 앞,2,0,37.57915497,126.98896027,ST-170
17,355. 서울사대부속초교 앞,0,0,37.57650757,127.00245667,ST-171
17,356. KT혜화지사 앞,2,0,37.57714462,127.00205994,ST-172
15,358. 성대입구 사거리,1,0,37.58250046,126.99853516,ST-173
10,359. 원남동사거리,0,0,37.57606125,126.99768066,ST-174
12,361. 동묘앞역 1번출구 뒤,2,0,37.57324219,127.01590729,ST-175
12,362. 청계8가 사거리,0,0,37.57222366,127.02270508,ST-176
12,363. 신설동역 11번출구 뒤,2,0,37.57575989,127.02283478,ST-177
10,364. 창신역 1번출구 앞,3,0,37.57933426,127.01508331,ST-178
10,367. 독립문역 3-1번출구 ,14,30,37.57384872,126.95869446,ST-180
14,368. SK 서린빌딩 앞,0,0,37.56924820,126.98053741,ST-181
22,369. 광화문 시민열린마당,0,0,37.57549286,126.97850037,ST-182
28,370. 시청역(2호선) 9번출구 뒤,0,0,37.56322861,126.97483826,ST-185
12,371. 동대입구역 6번출구 뒤,2,0,37.55887222,127.00553894,ST-186
12,372. 약수역 3번출구 뒤,0,0,37.55429459,127.01119995,ST-187
10,373. 청구 어린이공원,0,0,37.55585861,127.01385498,ST-188
12,374. 청구역 2번출구 앞,1,0,37.56047440,127.01407623,ST-189
10,375. 다산 어린이공원,1,0,37.56371689,127.01842499,ST-190
12,378. 청계7가 사거리,0,0,37.56980515,127.01695251,ST-193
9,379. 서울역9번출구,1,0,37.55599976,126.97335815,ST-194
10,380. CJ제일제당 앞,0,0,37.56386566,127.00274658,ST-195
12,381. 장충체육관,0,0,37.55853271,127.00698853,ST-196
9,382. 약수역 10번출구 앞,0,0,37.55519867,127.01004791,ST-197
19,383. 신당역 12번 출구 뒤,1,0,37.56584930,127.01640320,ST-198
12,384. 종로학원본원 ,1,0,37.55978012,126.96850586,ST-199
12,385. 종각역 5번출구,0,0,37.56983566,126.98265839,ST-336
12,386. 올림픽기념 국민생활관 앞,1,0,37.59023285,126.99851990,ST-337
12,387. 훈련원공원주차장 앞,0,0,37.56699371,127.00346375,ST-338
12,388. 동성중학교 앞,0,0,37.58573532,127.00160980,ST-444
12,389. 을지로4가역 1번출구,0,0,37.56673050,126.99660492,ST-943
12,390. 충무로역 1번출구,0,0,37.56138992,126.99535370,ST-944
10,391. 정동길입구,0,0,37.56543732,126.97330475,ST-977
12,393. 동대문역 8번 출구,0,0,37.57014084,127.00937653,ST-1372
10,395. 경희궁 자이 2단지,5,0,37.56885529,126.96456146,ST-1374
15,397. 종묘공영주차장 건너편,0,0,37.57048035,126.99663544,ST-1432
10,398. 을지로3가역 3번출구,0,0,37.56655884,126.99243927,ST-1435
17,399. 서울역 센트럴 자이아파트,1,0,37.55410767,126.96540833,ST-1436
17,400. 상암한화오벨리스크 1차 앞,6,0,37.58752441,126.88300323,ST-110
17,401. 상암월드컵파크 10단지 앞,2,0,37.58618927,126.88161469,ST-76
22,402. 상암월드컵파크 9단지 앞,11,0,37.58285522,126.87982178,ST-77
22,403. 부엉이공원 앞,0,0,37.58559036,126.88472748,ST-78
10,405. DMC빌 앞,0,0,37.58265686,126.88578796,ST-80
17,406. 상암월드컵파크 7단지 앞,1,0,37.58131409,126.88058472,ST-81
10,407. 마포구 육아종합지원센터,0,0,37.58063126,126.88367462,ST-83
22,408. LG CNS앞,0,0,37.58081055,126.88665009,ST-84
27,409. 누리꿈스퀘어 옆,2,0,37.57939911,126.88916016,ST-86
12,410. 상암중학교 옆,1,0,37.57749557,126.88777161,ST-88
11,411. DMC홍보관,0,0,37.57799530,126.89147186,ST-90
22,412. DMC산학협력연구센터 앞,3,0,37.57580185,126.89073944,ST-91
11,413. 상암월드컵파크 3단지 후문,1,0,37.57147598,126.88968658,ST-92
10,414. 상암동주민센터 옆,0,0,37.57822037,126.89447021,ST-94
12,415. DMC역 9번출구 앞,0,0,37.57746887,126.89736176,ST-95
14,416. 상암월드컵파크 1단지 교차로,0,0,37.57566452,126.89444733,ST-96
22,417. DMC역 2번출구 옆,2,0,37.57506943,126.89991760,ST-93
12,418. 월드컵경기장역 3번출구 옆,3,8,37.57072067,126.89897919,ST-89
23,419. 홈플러스 앞,3,0,37.56842041,126.89942932,ST-87
42,420. 서울시 공공자전거 상암센터,4,0,37.56624603,126.89617920,ST-85
10,421. 마포구청 앞,1,0,37.56590271,126.90118408,ST-82
15,422. 문화비축기지,1,0,37.56908417,126.89442444,ST-968
17,424. 롯데하이마트 (상암월드컵점),0,0,37.57361984,126.89804840,ST-990
12,425. DMC첨단산업센터,0,0,37.58450317,126.88559723,ST-991
12,426. 서울신용보증재단,2,0,37.54906082,126.95417786,ST-992
12,427. 성산시영아파트,0,0,37.56958389,126.90381622,ST-1397
12,428. 명보사거리,0,0,37.56439972,126.99143219,ST-1437
10,429. 송도병원,2,0,37.54988861,127.00734711,ST-1438
10,430. KEB하나은행 장충동지점,3,0,37.56217194,127.00626373,ST-1439
17,431. 청계천 영도교,1,0,37.57089996,127.01952362,ST-1440
12,432. 마포중앙도서관,2,0,37.56333923,126.90820312,ST-1494
12,433. 을지로입구역 2번출구,0,0,37.56634521,126.98229218,ST-1668
12,434. 신당 래미안 버스정류장,0,0,37.56148911,127.02393341,ST-1669
12,435. SK 남산빌딩,0,0,37.55686188,126.97561646,ST-1670
12,436. 이대역 5번출구,0,0,37.55659103,126.94618988,ST-1675
14,437. 대흥역 1번출구,1,0,37.54821014,126.94138336,ST-1691
17,438. 성산2-1 공영주차장,8,0,37.56472015,126.90676880,ST-1692
12,439. 마포어린이공원,0,0,37.53575134,126.94403839,ST-1693
17,440. 하늘공원 입구,8,0,37.57012177,126.88134766,ST-1754
15,441.염천교사거리,0,0,37.55989075,126.97149658,ST-1761
9,443.호암아트홀,0,0,37.56211090,126.97071838,ST-1769
10,445.대한상공회의소,0,0,37.56029129,126.97454834,ST-1771
12,446. 상명대입구,3,0,37.60012817,126.95783234,ST-938
12,449. 일성아파트,0,0,37.60871887,126.97286224,ST-941
22,450. 효자동 삼거리,3,0,37.58360291,126.97254944,ST-978
15,451. 청와대앞길,0,0,37.58351517,126.97966766,ST-979
15,452. 동대문 종합시장 버스정류장,0,0,37.57123947,127.00440979,ST-1605
12,453. 종로오가 지하쇼핑센터 14번출구,1,0,37.57114029,127.00067139,ST-1606
15,454. 종로2가 버스정류장 (종각방향),0,0,37.57035828,126.98638153,ST-1607
10,455. 삼익한의원,0,0,37.57096100,127.00605774,ST-1608
12,456. 숭인2동 주민센터 입구 (이강3대냉면),1,0,37.57447052,127.01982880,ST-1609
12,457. 종로꽃시장 입구 옆,0,0,37.57131958,127.00720978,ST-1610
23,458. 광화문역 5번출구,1,0,37.56993866,126.97753906,ST-1611
12,461. 서울지방경찰청,0,0,37.57436371,126.97236633,ST-1619
12,464. 삼청동 골목,0,0,37.58419037,126.98169708,ST-1756
7,465. 삼청공원 앞,0,0,37.58760452,126.98359680,ST-1759
20,466.롯데호텔,0,0,37.56584167,126.97981262,ST-1772
16,467.한국은행,0,0,37.56221390,126.98086548,ST-1773
10,468.웨스틴 조선호텔,0,0,37.56415939,126.97948456,ST-1774
20,470.회현역 7번출구,0,0,37.55965042,126.97988892,ST-1776
10,471.회현사거리 남측,0,0,37.56035995,126.98265076,ST-1777
12,472.삼일교(시그니쳐 타워),0,0,37.56787109,126.98898315,ST-1778
20,473.을지로4가역 9번출구,0,0,37.56605148,126.99798584,ST-1779
10,482.예수소망교회,0,0,37.55994034,127.01847839,ST-1788
30,485.서울역4번출구,0,0,37.55740356,126.97325134,ST-1791
7,486. 평창동주민센터 앞,1,0,37.60627365,126.96832275,ST-2019
10,490.가온문화공원,0,0,37.58207703,126.88766479,ST-2149
10,491.월드컵파크 4단지,0,0,37.57597733,126.88806915,ST-2150
10,493.홍대입구역 6번출구,0,0,37.55657578,126.92885590,ST-2152
10,495.염리초등학교 앞,0,0,37.54243088,126.94699860,ST-2154
20,497.합정동주민센터 앞,0,0,37.55175400,126.91230011,ST-2156
10,498.연남동주민센터 앞,3,0,37.56465149,126.92212677,ST-2157
12,500. 어린이대공원역 3번출구 앞,3,0,37.54706955,127.07427216,ST-97
32,501. 광진구의회 앞,1,0,37.53730774,127.07035065,ST-98
29,502. 뚝섬유원지역 1번출구 앞,32,21,37.53186035,127.06719208,ST-99
11,504. 신자초교입구교차로,3,0,37.53297043,127.07593536,ST-101
12,505. 자양사거리 광진아크로텔 앞,2,0,37.53701019,127.08224487,ST-102
9,506. 금호 어울림 아파트 앞,0,0,37.54906082,127.05779266,ST-103
9,507. 성수아이에스비즈타워 앞,1,0,37.54820251,127.05711365,ST-104
12,508. 성수아카데미타워 앞,1,0,37.54516602,127.05751038,ST-105
22,509. 이마트 버스정류소 옆,1,0,37.53965378,127.05258942,ST-106
12,510. 서울숲 남문 버스정류소 옆,2,0,37.54122162,127.04380035,ST-107
18,511. 서울숲역 4번 출구 옆,0,0,37.54458237,127.04460907,ST-108
17,512. 뚝섬역 1번 출구 옆,0,0,37.54856110,127.04500580,ST-109
15,513. 뚝섬역 5번 출구 정류소 옆,1,0,37.54630661,127.04980469,ST-111
9,514. 성수사거리 버스정류장 앞,0,0,37.54257965,127.06330872,ST-112
12,515. 광양중학교 앞,0,0,37.53023529,127.08683014,ST-113
12,516. 광진메디칼 앞,7,0,37.54840469,127.06936646,ST-114
22,518. 청계천 박물관 앞,0,0,37.57152557,127.03535461,ST-234
22,519. 양지사거리,7,0,37.56699371,127.02991486,ST-235
12,520. 상왕십리역 4번 출구 앞,1,0,37.56385803,127.03031921,ST-236
16,521. 왕십리역 11번 출구 앞,3,0,37.56144714,127.03491974,ST-237
11,522. 금호역 1번출구 앞,2,0,37.54864120,127.01642609,ST-238
13,523. 옥수동성당 옆,0,0,37.54366302,127.01406097,ST-239
12,524. 래미안금호하이리버 아파트 102동 옆,2,0,37.55220032,127.02505493,ST-240
22,525. 한양대병원사거리,4,0,37.55805206,127.04035187,ST-241
12,526. 용답토속공원 앞,2,0,37.56351089,127.05672455,ST-242
17,529. 장한평역 8번 출구 앞,0,0,37.56137085,127.06365967,ST-243
11,530. 청계벽산아파트 앞,1,0,37.56874847,127.03040314,ST-244
9,533. 우리은행 금호동 지점 앞,5,0,37.54814911,127.02108765,ST-245
22,534. 금호사거리,0,0,37.54863358,127.02572632,ST-246
18,535. 응봉삼거리,1,0,37.55398560,127.03359222,ST-247
10,536. 행당역 2번출구 앞,3,0,37.55735016,127.02921295,ST-248
12,537. 한양대후문역 부근,1,0,37.56035614,127.04139709,ST-249
17,538. 답십리역 8번출구 앞,1,0,37.56764984,127.05115509,ST-250
12,539. 군자교교차로,6,0,37.55979538,127.07420349,ST-252
10,540. 군자역 7번출구 베스트샵 앞,5,0,37.55603027,127.07864380,ST-253
21,542. 강변역 4번출구 뒤,0,0,37.53546524,127.09448242,ST-254
22,543. 구의공원(테크노마트 앞),2,0,37.53596878,127.09467316,ST-255
22,544. 광남중학교,6,0,37.54072952,127.10290527,ST-256
10,546. 잠실대교북단 교차로,0,0,37.53247833,127.08509064,ST-257
22,548. 자양나들목,4,0,37.52976990,127.07485962,ST-258
12,549. 아차산역 3번출구,8,0,37.55122375,127.08970642,ST-259
17,550. 서울시설공단 앞,0,0,37.57164001,127.03565979,ST-251
12,551. 구의삼성쉐르빌 앞,0,0,37.54006195,127.09449768,ST-377
12,552. 대림아크로리버 앞,0,0,37.53657913,127.09297180,ST-378
21,553. 중곡 성원APT 앞,4,0,37.57125473,127.07980347,ST-379
11,555. 구의3동주민센터,1,0,37.53784943,127.09217072,ST-381
22,556. 달맞이공원,1,0,37.54205322,127.02040100,ST-357
12,557. 도선동 주민센터 앞,1,0,37.56764221,127.02569580,ST-358
22,558. 성동광진 교육지원청 앞,0,0,37.56460571,127.03652191,ST-359
12,559. 왕십리역 4번 출구 건너편,0,0,37.56109619,127.03679657,ST-360
10,560. 비전교회 앞,1,0,37.55120468,127.06893158,ST-361
12,561. 서울숲역 2번출구 앞,1,0,37.54281616,127.04467010,ST-362
12,562. 군자지하보도 앞,6,0,37.55924606,127.07341003,ST-363
12,563. 성동세무서 건너편,1,0,37.54791260,127.06275177,ST-364
17,564. 금호역 3번출구,0,0,37.54792786,127.01557159,ST-365
22,565. 옥수역 3번출구,7,0,37.54136276,127.01766205,ST-366
17,567. 성수역 2번출구 앞,0,0,37.54459000,127.05708313,ST-368
12,568. 청계8가사거리 부근,1,0,37.57110214,127.02355957,ST-369
12,569. 응봉현대아파트 정류소,0,0,37.54958344,127.03024292,ST-370
22,571. 어린이대공원역6번출구,1,0,37.54849625,127.07476044,ST-382
22,572. 국립정신 건강센터 앞,10,0,37.56538010,127.08650970,ST-383
12,573. 구의문주차장 앞,9,0,37.54523087,127.08473206,ST-384
42,574. 아차산역4번출구,5,0,37.55184937,127.08898163,ST-385
12,575. 중앙농협 중곡지점,3,0,37.56429291,127.08693695,ST-386
12,576. 광나루역 3번 출구,0,0,37.54483032,127.10426331,ST-387
12,577. 광진청소년수련관,2,0,37.54654694,127.10613251,ST-388
10,578. 성동세무서 부근,1,0,37.54828644,127.06208801,ST-371
10,579. 마장역 4번출구,0,0,37.56520462,127.04184723,ST-372
15,581. 용답초등학교,2,0,37.56101227,127.05423737,ST-374
12,582. 경일중학교 앞,1,0,37.54317856,127.04907990,ST-375
22,583. 청계천 생태교실 앞,7,0,37.56797028,127.04689026,ST-376
22,584. 광진광장 교통섬,6,0,37.54782867,127.07263184,ST-445
11,585. 성수2가1동 공영주차장 인근,5,0,37.53680801,127.05548859,ST-446
12,586. 마장동 주민센터,2,0,37.56594086,127.04539490,ST-447
12,587. 유니베라 앞,0,0,37.54541779,127.05264282,ST-482
22,588. 뚝섬 유원지역,4,0,37.53268814,127.06749725,ST-483
10,589. 성수역3번출구,0,0,37.54415894,127.05665588,ST-506
22,590. 건국대학교 (입학정보관),3,0,37.53989029,127.07336426,ST-972
7,591. 건국대학교 (행정관),0,0,37.54277802,127.07537079,ST-973
32,592. 건국대학교 학생회관,0,0,37.54191208,127.07763672,ST-974
7,593.자양중앙나들목,10,14,37.52858734,127.07787323,ST-980
17,594. 중랑물재생센터(서울새활용플라자),1,0,37.55836487,127.05690765,ST-967
12,600. 휘경2동 주민센터,1,0,37.58991241,127.06867981,ST-260
12,601. 용신동주민센터,0,0,37.57594681,127.03736115,ST-261
12,602. 장안동 사거리,7,0,37.57217407,127.07138824,ST-262
17,604. 답십리초등학교 옆 공원,7,0,37.56965637,127.05596161,ST-264
10,605. 신설동역8번출구,2,0,37.57419968,127.02649689,ST-265
17,606. 휘경공고앞,0,0,37.58462524,127.07028961,ST-266
12,607. 신이문역 2번출구,5,0,37.60271072,127.06786346,ST-267
12,608. 전농삼성아파트,2,0,37.58131027,127.05534363,ST-268
22,609. 제기2교,1,0,37.58779144,127.03736115,ST-269
12,610. 동대문중 교차로,3,0,37.57308578,127.05216217,ST-270
22,612. 시립동부병원 앞 사거리,1,0,37.57366562,127.03081512,ST-271
12,613. 신설동역 10번출구 앞,1,0,37.57527161,127.02346802,ST-272
22,614. 용두동 사거리,3,0,37.57768631,127.03101349,ST-273
22,615. 용두동 래미안허브리츠아파트 앞,0,0,37.57638168,127.03511047,ST-274
22,616. 서울시립대 앞,0,0,37.58256149,127.05436707,ST-275
22,617. 청솔우성아파트 앞,1,0,37.57420349,127.05769348,ST-276
15,621. 동대문중학교 옆,1,0,37.57471848,127.05339050,ST-389
17,622. 전농사거리 교통섬,0,0,37.57779312,127.05783081,ST-390
22,623. 서울시립대 정문 앞,4,0,37.58369827,127.05385590,ST-391
12,624. 전농동 동아아파트 앞,1,0,37.57418823,127.04589081,ST-392
11,625. 답십리초등학교 앞(현대시장 옆),7,9,37.56819153,127.05717468,ST-393
12,626. 군자교 서측 녹지대,16,8,37.56115341,127.07096863,ST-394
12,627. 장안동삼거리 교통섬,4,0,37.57863235,127.07190704,ST-395
17,628. 휘봉고등학교 앞,2,0,37.58681488,127.06754303,ST-396
17,630. 동대문구 보건소,3,0,37.57485199,127.04030609,ST-397
17,631. 답십리역 1번출구,0,0,37.56818390,127.05127716,ST-398
10,633. 청량리 기업은행 앞,5,0,37.58040619,127.04482269,ST-400
22,634. 외국어대 정문 앞,2,0,37.59601974,127.05982971,ST-401
14,635. 시조사 앞 (청량고정문 옆),3,0,37.58751678,127.05277252,ST-402
11,636. 세종대왕기념관 교차로,0,0,37.59090042,127.04258728,ST-403
12,637. KAIST 경영대학 앞,0,0,37.59161377,127.04579163,ST-404
22,638. 서울시립대 정보기술관,0,0,37.58300781,127.06097412,ST-405
16,639. 서울시립대 후문,2,0,37.58519745,127.06095123,ST-406
8,640. KEB하나은행 청량리역지점,2,0,37.58245468,127.04449463,ST-407
12,641. 용두역 4번출구,1,0,37.57375336,127.03853607,ST-408
9,642. 신답역 사거리,1,0,37.57015610,127.04858398,ST-409
12,643. 동대문구민체육센터 (육교아래),15,17,37.56697083,127.07441711,ST-410
12,646. 장한평역 1번출구 (국민은행앞),2,0,37.56186676,127.06437683,ST-1298
12,647. 신이문역 1번출구,10,0,37.60279846,127.06726837,ST-1299
17,648. 장안동위더스빌옆,16,12,37.56669998,127.06242371,ST-1300
22,650. 중랑교사거리,7,0,37.59153366,127.06774139,ST-1302
12,651. 우리은행청량리지점앞,1,0,37.58274841,127.04827881,ST-1303
22,652. 답십리 래미안엘파인아파트 입구,9,0,37.57653046,127.06594086,ST-1447
12,654. 전농동 텃골공원,2,0,37.57762146,127.05210876,ST-1449
12,656. 영휘원 교차로,0,0,37.58723831,127.04313660,ST-1628
15,657. 동대문롯데캐슬아파트 앞,1,0,37.57575989,127.04837036,ST-1629
12,658. 촬영소 사거리,1,0,37.57294846,127.06614685,ST-1630
17,659. 제기역1번출구,0,0,37.57835007,127.03338623,ST-1631
12,660. 동의보감타워,0,0,37.57799911,127.03762817,ST-1632
12,661. 경희대학교 청운관,1,0,37.59460068,127.05196381,ST-1625
12,663. 외대앞역 4번출구,0,0,37.59489059,127.06302643,ST-1671
12,664. 서울시립대 대학본부,0,0,37.58412933,127.05793762,ST-1758
11,665.이문동 쌍용아파트 정문,5,0,37.59960556,127.06864166,ST-2265
10,667.청량차도 육교 밑,0,0,37.58659363,127.04699707,ST-2267
10,668.서울축산농협(장안지점),6,0,37.56865311,127.06918335,ST-2268
10,669.청계신한신휴플러스앞 삼거리,0,0,37.57204819,127.04466248,ST-2269
10,670.삼육서울병원 버스정류장,1,0,37.58968735,127.06140900,ST-2270
15,671.대광빌딩,0,0,37.57734299,127.02337646,ST-2271
17,672.대광고등학교,1,0,37.57859039,127.02384949,ST-2272
10,673.안암골벽산아파트(후문),0,0,37.58407974,127.03103638,ST-2273
15,674.고대앞사거리 교통섬,0,0,37.58655167,127.03314209,ST-2274
10,675.성복교회 앞 (장평교 아래),6,0,37.57202530,127.07700348,ST-2275
9,676.FITI시험연구원 앞,1,0,37.58143234,127.03547668,ST-2276
15,677.청량리역 4번 5번출구 사이,0,0,37.58015060,127.04579926,ST-2277
15,678.장안힐스테이트(아) 앞,6,0,37.57655716,127.07431030,ST-2278
10,679.전농SK아파트 앞,0,0,37.57787704,127.06168365,ST-2279
15,681.서울특별시 동부교육지원청(육교),0,0,37.57983780,127.05637360,ST-2281
22,700. KB국민은행 염창역 지점 앞,5,0,37.54684830,126.87277222,ST-308
10,701. 목동사거리 부근,6,0,37.53280258,126.86392975,ST-309
18,702. 목4동주민센터 옆,12,0,37.53254318,126.86872864,ST-310
14,703. 오목교역 7번출구 앞,0,0,37.52406311,126.87557983,ST-311
17,704. 남부법원검찰청 교차로,2,0,37.52325439,126.86490631,ST-312
17,706. 신정네거리역,3,0,37.52188110,126.85175323,ST-313
12,707. 신정3동주민센터,4,0,37.51515579,126.85489655,ST-314
18,708. 서울출입국관리사무소 앞,3,0,37.51897049,126.86996460,ST-315
22,709. 신정3동 현장민원실 앞,13,0,37.51158524,126.84156036,ST-316
22,711. 신일해피트리아파트 앞,1,0,37.51705933,126.84848785,ST-318
16,712. 강월초교입구 사거리,35,63,37.51699829,126.83831787,ST-319
22,713. 양서중학교 옆,3,0,37.53304672,126.82995605,ST-320
12,714. 한국SGI 양천문화회관 앞,7,0,37.53254700,126.83080292,ST-321
17,716.신정6동 주민센터 인근,5,0,37.51728058,126.86433411,ST-428
12,719. 홍익병원앞 교차로,16,0,37.53036880,126.86425781,ST-431
12,720. 서울강월초등학교 앞,2,0,37.51619720,126.83489990,ST-432
12,722. LG전자베스트샵 신정점 ,16,67,37.52143478,126.85738373,ST-993
17,723. SBS방송국,4,0,37.52916336,126.87274933,ST-994
17,724. 계남공원 입구 주출입구 좌측,1,0,37.51068115,126.85739899,ST-995
17,725. 양강중학교앞 교차로,1,0,37.52433395,126.85054779,ST-996
17,726. 목동3단지 시내버스정류장,18,18,37.53438950,126.86959839,ST-997
12,729. 서부식자재마트 건너편,12,25,37.51037979,126.86679840,ST-1000
12,731. 서울시 도로환경관리센터,2,0,37.52989960,126.87654114,ST-1002
12,732. 신월동 이마트,9,0,37.53955078,126.82830048,ST-1003
12,733. 신정이펜하우스314동,5,0,37.51409912,126.83100128,ST-1004
12,734. 신트리공원 입구,17,17,37.51395035,126.85605621,ST-1005
12,735. 영도초등학교,24,100,37.53643036,126.87152100,ST-1006
12,736. 오솔길공원,6,0,37.52219009,126.83670044,ST-1007
12,737. 장수공원,2,0,37.52256012,126.84947968,ST-1008
17,739. 신월사거리,16,0,37.53620148,126.82779694,ST-1010
12,740. 으뜸공원,11,0,37.53636932,126.83171082,ST-1011
12,741. 화곡로 입구 교차로,4,0,37.53952026,126.82540131,ST-1012
12,742. 등촌역 5번 출구 뒤,0,0,37.55073166,126.86457825,ST-1013
12,743. 현대6차아파트 101동 옆,12,0,37.50889969,126.84268188,ST-1014
12,744. 신목동역 2번 출구,0,0,37.54384232,126.88254547,ST-1015
12,745. 강서초등학교,10,0,37.52228165,126.83969879,ST-1016
12,746. 목동2단지 상가,4,0,37.53650284,126.87774658,ST-1017
12,747. 목동3단지 상가,12,50,37.53458023,126.87564850,ST-1018
17,748. 목동운동장,0,0,37.53025055,126.87930298,ST-1019
12,749. 이대 목동병원 앞,5,8,37.53722763,126.88661194,ST-1350
12,750. 연의근린공원 건너편,9,0,37.51215744,126.83562469,ST-1398
12,752. 성원2차 아파트,15,8,37.54218292,126.86330414,ST-1400
12,754. 목동1단지아파트 118동 앞 (월촌초등학교 정류소 옆),1,0,37.54114151,126.87667847,ST-1495
12,755. 목동1단지아파트 상가 앞 (월촌중학교 버스정류소 옆),1,0,37.53786850,126.88140869,ST-1496
12,756. 목동주차장,1,0,37.52667999,126.87616730,ST-1497
12,757. 신정이펜하우스 1단지아파트 입구 사거리,1,0,37.51427841,126.82874298,ST-1498
12,758. 한사랑교회 앞,6,0,37.51472092,126.85919952,ST-1499
11,759. 보아스아파트 앞,9,0,37.52407074,126.83860016,ST-1500
12,760. 잣절보도육교 아래,6,0,37.50682068,126.84429932,ST-1501
12,762. 오목로 무중력지대 앞,7,8,37.52455139,126.87705231,ST-1503
12,763. 목동11단지 아파트,12,8,37.51065826,126.85916138,ST-1504
32,764. 목동청소년수련관,1,0,37.53102875,126.87589264,ST-1505
12,765. 오목교역 3번출구,0,0,37.52477646,126.87548065,ST-1731
17,766. 신목동역 3번출구,2,0,37.54433823,126.88327026,ST-1736
15,"785.양천구청, 보건소 사잇길",0,0,37.51732635,126.86630249,ST-2011
10,787.양천아파트 입구,9,0,37.50790405,126.86264801,ST-2013
15,788.양천구청역 2번출구 옆,2,0,37.51237869,126.86555481,ST-2014
17,800. 목월공원 앞,6,0,37.53243256,126.95474243,ST-322
12,802. 한강진역 2번 출구 앞,3,0,37.54115295,127.00221252,ST-324
12,803. 한남초교 앞 보도육교,1,0,37.53813934,127.00409698,ST-325
11,805. 문배어린이공원 앞,0,0,37.53675842,126.97000122,ST-326
22,806. 전자랜드 본관 앞,0,0,37.53306580,126.96073151,ST-327
12,807. 서울역 12번 출구 앞,1,0,37.55227661,126.97268677,ST-328
12,808. 서빙고동 금호맨션 앞,1,0,37.52050400,126.98973846,ST-329
12,809. 한남 유수지 복개주차장,3,0,37.53016663,127.00743866,ST-330
12,810. 이태원지하보도,1,0,37.53841019,126.98664856,ST-331
22,811. 녹사평역1번출구,0,0,37.53507996,126.98538208,ST-332
22,812. 용산전쟁기념관,0,0,37.53483963,126.97766113,ST-333
22,813. 삼각지역 3번출구,2,0,37.53351212,126.97227478,ST-334
22,815. LIG강촌아파트 103동앞,2,0,37.51850891,126.97879791,ST-335
17,816. 신용산역 6번출구 앞,1,0,37.53014755,126.96848297,ST-435
11,817. 삼각지역 4번출구 앞,0,0,37.53345108,126.97173309,ST-436
17,818. 숙명여대 입구 교차로,1,0,37.54489517,126.96938324,ST-437
14,819. 선린인터넷 고등학교,1,0,37.54165268,126.97050476,ST-438
12,820. 청파동입구 교차로,6,0,37.54902649,126.97194672,ST-439
12,822. 이촌1동 마을공원,3,0,37.52204132,126.96552277,ST-440
12,823. 효창동주민센터 앞,0,0,37.54232025,126.96195984,ST-441
17,825. 서빙고동 주민센터 앞,15,0,37.52033615,126.99426270,ST-442
22,826. 서울역 서부교차로2,1,0,37.55536652,126.96864319,ST-946
22,827. 국군복지단,7,0,37.54188538,126.97966003,ST-1324
9,828. 숙대입구역 8번,0,0,37.54407883,126.97200012,ST-1325
42,829. 베르가모앞,2,0,37.52293015,126.96169281,ST-1326
12,830. 청암자이아파트앞,0,0,37.53442383,126.94857025,ST-1327
17,831. 이태원관광특구입구,0,0,37.53427887,126.98856354,ST-1328
17,832. 이촌1동 주민센터 뒤,5,0,37.52128220,126.97346497,ST-1339
17,834. 효창공원앞역 3번출구 뒤,2,0,37.53900909,126.96138000,ST-1341
12,835. 남영역 건너편,0,0,37.54198074,126.97154236,ST-1342
17,836. 현대자동차서비스 앞,1,0,37.53142166,126.95149994,ST-1343
12,837. 한남나들목 입구,2,0,37.52906036,127.00672913,ST-1344
10,838. 숙대입구역 4번출구,2,0,37.54446030,126.97238922,ST-1376
12,839. 보광동 삼성리버빌아파트 앞,6,0,37.52400970,127.00144958,ST-1441
12,840. 용산 파크타워 앞,2,0,37.52365112,126.97026825,ST-1442
17,841. 신용산역 1번 출구,1,0,37.52960968,126.96887207,ST-1443
12,843. 녹사평역 광장,0,0,37.53379822,126.98867035,ST-1445
13,844. 이촌2동 동원베네스트 아파트 앞,1,0,37.52714920,126.95516205,ST-1446
24,845. 용산 선인상가,2,0,37.53269958,126.96437836,ST-1615
17,846. 용산중학교,0,0,37.54663849,126.98104095,ST-1721
15,847. 국방부민원실옆,0,0,37.53452301,126.97750092,ST-2171
10,848. 삼각지12번 출구,0,0,37.53525925,126.97505188,ST-2172
15,849. 삼각지 자이아파트,0,0,37.53607941,126.97341919,ST-2173
15,850. KCC용산월츠타워 ,1,0,37.53739929,126.96892548,ST-2174
10,851.효창 푸르지오 앞,0,0,37.54047775,126.95811462,ST-2175
10,854.HID 유족동지회 앞,0,0,37.53872681,127.00154877,ST-2178
10,864.순천향대학병원(한남오거리),1,0,37.53514099,127.00600433,ST-2188
10,865.하얏트호텔 앞,0,0,37.54079437,126.99784851,ST-2189
10,868.롯데하이마트 용산점 앞,0,0,37.53722000,126.96501923,ST-2192
10,869.노들섬 동측 앞,0,0,37.51729584,126.95914459,ST-2239
10,870.노들섬 서측 앞,0,0,37.51731873,126.95829773,ST-2240
22,900. 은평예술회관,1,0,37.60394287,126.92769623,ST-448
12,901. 응암1동사무소,1,0,37.60097504,126.92695618,ST-449
12,902. 진관동 은빛초등학교,7,0,37.64310837,126.91822052,ST-450
22,903. 은평뉴타운 아이파크,8,0,37.64586639,126.92739105,ST-451
20,904. 은평뉴타운 푸르지오,13,0,37.64867401,126.93070221,ST-452
13,905. 구파발역 2번출구,1,0,37.63623428,126.91899872,ST-453
12,906. 연신내역 5번출구150M 아래,0,0,37.61721039,126.91957855,ST-454
12,907. CJ 드림시티,22,83,37.59949112,126.91686249,ST-455
12,908. 구산역 4번출구,1,0,37.61318588,126.91735077,ST-456
12,909. 백련산 힐스테이트 3차,0,0,37.58699417,126.92288208,ST-457
12,911. 은평평화공원(역촌역4번출구),5,0,37.60558319,126.92293549,ST-459
12,912. 응암오거리,18,17,37.58966064,126.91694641,ST-460
17,913. 이마트 은평점,6,0,37.60070038,126.92012787,ST-461
22,914. 새절역 2번출구,47,77,37.59079742,126.91365051,ST-462
12,915. 증산역 4번출구,6,0,37.58438110,126.90989685,ST-463
9,916. 평생학습관 앞,5,0,37.60784912,126.92132568,ST-464
11,917. 녹번역 4번출구,1,0,37.60129929,126.93534851,ST-465
12,919. 서울혁신파크,3,0,37.60702515,126.93331146,ST-467
12,921. 신도고등학교,1,0,37.63001633,126.91902924,ST-469
12,922. 연신내역 4번출구,0,0,37.61780167,126.92196655,ST-470
12,923. 국민은행 연서지점,4,0,37.62094879,126.92563629,ST-471
17,924. 메뚜기다리,0,0,37.62851715,126.92958069,ST-472
10,925. 불광역 2번출구,0,0,37.60956573,126.93097687,ST-473
10,926. 불광역 8번출구,3,10,37.61117935,126.92966461,ST-474
12,927. 연신내역 3번출구 인근,2,0,37.61785507,126.92252350,ST-475
17,928. 은평역사한옥박물관,0,0,37.64131546,126.93804169,ST-476
9,930. 구 서부경찰서 건너편,0,0,37.60166168,126.92030334,ST-478
22,931. 역촌파출소,10,0,37.60473633,126.91533661,ST-479
12,932. 예일여중,0,0,37.61000443,126.91639709,ST-480
12,933. LG서비스 역촌점,6,0,37.61248398,126.91487885,ST-481
17,934. 신사동 성당,4,0,37.59714127,126.90959930,ST-1020
17,937. 상림마을 롯데캐슬2단지 옆,2,0,37.64585114,126.92379761,ST-1023
17,938. 금암 문화공원,8,6,37.64468384,126.91845703,ST-1024
17,939. 은평구청 교차로,3,0,37.60169983,126.92742157,ST-1025
15,941. 은평뉴타운 도서관,2,0,37.63722229,126.93330383,ST-1027
11,942. 상림마을 생태공원,4,0,37.64408112,126.92928314,ST-1028
12,943. 은평구청 보건소,2,0,37.60240173,126.92864990,ST-1029
12,945. 기자촌 사거리,4,0,37.63414001,126.93234253,ST-1031
12,946. 독바위역 ,5,0,37.61843872,126.93288422,ST-1032
12,947. 연신내 선일하이츠빌 정류소,1,0,37.62266922,126.91999054,ST-1033
12,948. 디지털미디어 시티역 4번출구,0,0,37.57720184,126.90235138,ST-1034
9,949. 연신내역 1번 출구 ,1,0,37.61978149,126.92080688,ST-1035
7,950. 구산역 2번 출구 ,5,14,37.61077881,126.91735077,ST-1036
17,951. 연신내역 6번출구옆,0,0,37.61930466,126.92059326,ST-1037
12,952. 서울연신중학교,1,0,37.62265015,126.92524719,ST-1038
12,953. 서울연신초등학교,6,0,37.62577820,126.92881775,ST-1039
12,954. 은평뉴타운구파발9단지,4,0,37.64260864,126.92147827,ST-1329
11,956. 응암시장교차로,20,55,37.59437561,126.91815948,ST-1331
15,958. 신한은행 응암동 지점 앞,3,0,37.60036087,126.92281342,ST-1479
12,959. 구파발10단지 인근,11,8,37.64366150,126.91455841,ST-1480
17,960. 구파발역 환승센터,0,0,37.63825226,126.91945648,ST-1481
10,961. 불광역 9번 출구,2,0,37.61096954,126.92980957,ST-1482
12,962. 은평뉴타운 힐데스하임,6,0,37.63925934,126.91890717,ST-1483
15,963. 대호프라자아파트,6,0,37.61442947,126.93257904,ST-1484
12,964. 북한산힐스테이트 7차아파트,4,0,37.61654282,126.92512512,ST-1485
12,965. 서울특별시 은평병원,1,0,37.59347916,126.92318726,ST-1486
12,966. 서울혁신파크1,3,0,37.60903168,126.93467712,ST-1487
15,967. 서울혁신파크2,0,0,37.60890961,126.93241882,ST-1488
9,968. 은평뉴타운 상림마을 13단지,4,0,37.64208984,126.92941284,ST-1489
11,969. 은평 지웰테라스,5,0,37.64385986,126.93187714,ST-1490
12,971. 역촌 센트레빌 아파트,6,0,37.60232925,126.90654755,ST-1674
22,972. 수색역,0,0,37.58216095,126.89492798,ST-1751
17,1001. 광진교 남단 사거리(디지털프라자앞),2,0,37.54179382,127.12474823,ST-485
12,1002. 해공공원(천호동),2,0,37.54526138,127.12594604,ST-486
22,1003. 해공도서관앞,0,0,37.54395676,127.12548828,ST-487
12,1004. 삼성광나루아파트 버스정류장,11,17,37.55332947,127.12886810,ST-488
17,1006. 롯데캐슬 115동앞,13,0,37.55486679,127.14279938,ST-490
18,1007.암사동 선사유적지,1,0,37.55955887,127.13087463,ST-491
12,1008. 암사역 3번출구(국민은행앞),24,83,37.54957581,127.12718201,ST-492
22,1009. 천호역4번출구(현대백화점),1,0,37.53866577,127.12424469,ST-493
22,1010. 강동세무서,0,0,37.53450775,127.13840485,ST-494
22,1011. LIGA 아파트 앞,0,0,37.53474426,127.13528442,ST-495
17,1012. 서울 상운차량,1,0,37.53600693,127.12272644,ST-496
17,1013. 강동구청역 1번 출입구,0,0,37.53071594,127.12098694,ST-497
17,1014. 강동구평생학습관앞,1,0,37.55080032,127.14295197,ST-498
15,1015. 샛마을 근린공원,2,0,37.55003738,127.14691162,ST-499
12,1016. 해뜨는 주유소옆 리엔파크 109동앞,1,0,37.55939865,127.17118073,ST-500
22,1017. 맥도날드(길동),8,0,37.53544617,127.14518738,ST-501
12,1019. 다성이즈빌아파트(호원대 대각선 맞은편),1,0,37.52679443,127.13005829,ST-502
17,1020. 강동경찰서,10,0,37.52825165,127.12680054,ST-503
17,1021. 강일동 리슈빌 빌딩앞,14,0,37.56427383,127.17397308,ST-504
22,1022. 길동 사거리(초소앞),1,0,37.53377914,127.13799286,ST-505
17,1023. 한국종합기술사옥 앞,1,0,37.54998398,127.17470551,ST-1040
12,1024.  강동구청 앞,3,0,37.52929688,127.12315369,ST-1041
12,1025. 상일초등학교,5,0,37.54684067,127.17251587,ST-1042
16,1026. 대명초교 입구 교차로,10,6,37.54653549,127.15583801,ST-1043
22,1027. 프라자 아파트 앞,8,0,37.53596115,127.14781952,ST-1044
12,1028. 포레스 주상복합 빌딩,1,0,37.53310776,127.12277222,ST-1045
12,1029. 롯데 시네마,2,0,37.53655624,127.12553406,ST-1046
17,1030. 미호 플랜트 앞,3,0,37.52703094,127.12206268,ST-1047
17,1031. 암사동 CBIS,6,0,37.55582047,127.12991333,ST-1048
22,1032. 선사고등학교,21,0,37.55672836,127.13626099,ST-1049
12,1033. 고덕동 아남아파트,3,0,37.55801010,127.14475250,ST-1050
17,1034. 고덕동 래미안 힐스테이트,1,0,37.56187820,127.15078735,ST-1051
12,1036. 고덕동 주양쇼핑,0,0,37.55199051,127.15331268,ST-1053
12,1037. 강일리버파크 6단지,5,0,37.56256485,127.17761230,ST-1054
12,1038. 강일 다솜 어린이 공원,15,8,37.56863785,127.17480469,ST-1055
9,1039. 고덕초등학교,3,0,37.56129837,127.16784668,ST-1056
12,1041. 묘곡초등학교,0,0,37.55916214,127.15332031,ST-1058
12,1042. 강일리버파크 2~5단지,15,8,37.56854630,127.17700958,ST-1059
17,1044. 굽은다리역,9,0,37.54540634,127.14267731,ST-1061
12,1047. 건강보험 강동지사kt,3,0,37.53647232,127.13715363,ST-1369
12,1048. 동부기업(둔촌동),13,0,37.53099442,127.14237213,ST-1370
12,1049. 강일리버파크 10단지,15,25,37.56120300,127.18026733,ST-1371
17,1050.  둔촌역 3번 출입구,1,0,37.52678299,127.13557434,ST-1420
17,1051. 양지시장 (용성약국앞) 입구,6,0,37.55483627,127.13732147,ST-1421
12,1052. 리싸이클시티,1,0,37.55644989,127.15682220,ST-1593
10,1053. 동명근린공원 진입로 (아리수로),3,0,37.56254578,127.16448212,ST-1594
12,1054. 말우물 어린이 공원,1,0,37.56002808,127.16967773,ST-1595
12,1056. 강일리버파크 7~11단지,3,0,37.56335449,127.17905426,ST-1597
17,1057. 능골근린공원,0,0,37.55580902,127.17374420,ST-1598
14,1058. 고덕숲 아이파크 1,8,0,37.55348206,127.16505432,ST-1623
17,1059. 래미안 강동팰리스(102동),4,0,37.53822708,127.13174438,ST-1626
10,1060. 천일초교 사거리,2,0,37.54467010,127.13267517,ST-1620
12,1061. 천호초교 입구 사거리(일주빌딩),1,0,37.54689789,127.13466644,ST-1621
17,1062. 고덕숲 아이파크 2,0,0,37.55107880,127.16259766,ST-1622
15,1063.강동롯데캐슬퍼스트 아파트(관리동),2,0,37.55666351,127.14273834,ST-1762
15,1064.중앙보훈병원역 1번출구,0,0,37.52779388,127.14764404,ST-1763
20,1065.보훈병원 정문옆(중앙대영약국),1,0,37.53120804,127.14926910,ST-1764
20,1066.생태공원앞 교차로(조명탑),0,0,37.53776550,127.15201569,ST-1765
20,1067.한영중고앞사거리,0,0,37.54903412,127.15605164,ST-1766
20,1068.명일파출소,0,0,37.55364990,127.15622711,ST-1767
15,1069.강동경희대학교병원 입구,2,0,37.55305481,127.15688324,ST-1830
10,1073.SSTS 몰 앞,1,0,37.54114532,127.14105225,ST-1834
15,1074.대명초교입구 사거리,5,0,37.54683685,127.14916229,ST-1835
10,1075.천동초교 삼거리,2,0,37.54136276,127.13718414,ST-1836
10,1076.전자랜드 길동점,2,0,37.53989410,127.14103699,ST-1837
15,1077.강동역 1번출구 앞,1,0,37.53620529,127.13256073,ST-1838
20,1078.둔촌사거리,0,0,37.52197647,127.13362122,ST-1839
15,1079.강일동입구교차로,4,0,37.56184387,127.17084503,ST-1840
10,1080.엘웨딩,0,0,37.53683090,127.12841797,ST-1841
20,1081.트레빌빌딩,1,0,37.53699875,127.12953186,ST-1842
15,1083.광문고교사거리(아이파크),0,0,37.56036758,127.15659332,ST-1844
20,1087.레미안 솔베뉴(양재대로),1,0,37.55217361,127.14429474,ST-1847
12,1088.풍납사거리(강동),0,0,37.52812195,127.11952209,ST-1848
10,1089.고덕 래미안힐스테이트(201동),0,0,37.56060028,127.14669800,ST-1849
10,1090.상일동역 2번출구 앞,1,0,37.55678940,127.16614532,ST-1850
12,1101. 개화동상사마을종점 버스정류장,7,0,37.58161163,126.79859924,ST-507
12,1102. 방화사거리 마을버스 버스정류장,15,17,37.57364273,126.81180573,ST-508
12,1103. 방화역 4번출구앞,7,0,37.57722092,126.81219482,ST-831
12,1105. 방화근린공원,4,0,37.58162308,126.81265259,ST-509
12,1106. 신방화사거리,9,0,37.57303238,126.81645203,ST-824
10,1108. 공항시장역 2번출구 뒤,8,10,37.56387329,126.81060791,ST-510
8,1109. 공항시장역 4번출구,14,25,37.56334686,126.81048584,ST-511
12,1110. 공항중학교앞,4,0,37.56268311,126.81623840,ST-828
17,1111. 마곡엠밸리6_7단지 마곡중학교,1,0,37.56698227,126.82180023,ST-512
17,1112. 마곡엠밸리4단지 정문,4,0,37.56857681,126.82477570,ST-513
17,1113. 서남환경공원 버스정류장,22,12,37.57309341,126.82289886,ST-514
12,1115. 등촌역 1번출구옆,7,0,37.55166626,126.86408997,ST-833
12,1117. 스타벅스앞,1,0,37.55819702,126.84426117,ST-834
12,1118. 증미역 3번출구뒤(등촌두산위브센티움오피스텔),3,0,37.55746078,126.86145782,ST-516
8,1119. 염창동 한마음아파트앞(염창동 빛나는 음악학원앞),28,150,37.55425262,126.86756134,ST-517
27,1120. 대림경동아파트앞,11,0,37.56478500,126.85464478,ST-518
17,1121. 가양레포츠센터앞,18,6,37.55947876,126.86437988,ST-519
12,1122. 황금내근린공원,7,0,37.56193161,126.86386871,ST-520
12,1124. 발산역 6번출구옆(다이소앞),1,0,37.55796814,126.83828735,ST-522
12,1125. 명덕고교입구(영종빌딩),6,0,37.55291367,126.83657074,ST-835
9,1126. 우장산역 1번출구옆(우장산아이파크105동앞),6,0,37.54890823,126.83656311,ST-523
12,1127. 화곡역(에이스정형외과앞) 버스정류장,1,0,37.54098129,126.83854675,ST-524
12,1128. 화곡역 6번출구,2,0,37.54141235,126.84022522,ST-829
9,1129. 화곡역 1번 출구 앞,7,22,37.54209900,126.84021759,ST-525
9,1130. 화곡본동시장 버스정류장,4,0,37.54275131,126.84262085,ST-526
10,1131. 꿈돌이공원 앞,17,40,37.54644394,126.84545898,ST-527
12,1132. 등촌역 7번출구,1,0,37.55110931,126.86370850,ST-528
12,1135. 강서구의회,16,17,37.54653168,126.86254883,ST-530
12,1136. 등촌2파출소,7,0,37.54478836,126.86199951,ST-531
12,1137. 등촌2동주민센터,2,0,37.54143143,126.86322021,ST-532
10,1139. 용문사 버스정류장,9,20,37.53650665,126.86333466,ST-533
17,1140. 목동사거리 버스정류장,26,29,37.53139877,126.86360931,ST-534
12,1141. 곰달래 문화복지센터 1-1,36,100,37.52906036,126.84848022,ST-535
12,1145. 곰달래 문화복지센터 1-2,11,0,37.52891922,126.84808350,ST-536
12,1146. 곰달래사거리,19,25,37.53033829,126.83825684,ST-537
12,1148. 볏골공원,16,17,37.54146957,126.84477997,ST-538
15,1149. 신방화역환승주차장,16,20,37.56728363,126.81827545,ST-975
12,1150. 송정역 1번출구,17,8,37.56155014,126.81047821,ST-1062
27,1151. 마곡역1번출구,0,0,37.56023407,126.82347107,ST-1063
12,1152. 마곡역교차로,1,0,37.55831146,126.82652283,ST-1064
12,"1153. 발산역 1번, 9번 인근 대여소",1,0,37.55889130,126.83721924,ST-1065
12,1155. 기쁜우리복지관,20,75,37.56925964,126.84841919,ST-1067
10,1157. 강서구청,9,30,37.55065918,126.84976959,ST-1069
22,1158. 가양역 8번출구,13,0,37.56103516,126.85481262,ST-1249
22,1159. 서서울모터리움앞,2,0,37.56585312,126.84659576,ST-1250
22,1160. 양천향교역 7번출구앞,10,0,37.56768036,126.84089661,ST-1251
12,1161. 강서면허시험장앞,0,0,37.54969406,126.81966400,ST-1252
12,1162. 공항초등학교건너편,15,8,37.56267929,126.82047272,ST-1253
12,1163. 방화동강서기동대앞,4,0,37.57049942,126.82008362,ST-1254
22,1165. 마곡중학교 후문,7,0,37.56844711,126.82164764,ST-1338
12,1166. 강서구립등빛도서관,16,42,37.56256866,126.84246063,ST-1351
17,1167. 마곡수명산파크3단지 교차로,16,18,37.55346680,126.82592773,ST-1352
12,1168. 마곡엠밸리10단지 앞,8,0,37.56022644,126.81906891,ST-1402
10,1169. 염창역 1번 출구,4,10,37.54719925,126.87448883,ST-1506
13,1170. 강서구보건소 (삼성디지털 프라자),1,0,37.54917908,126.86879730,ST-1507
10,1171. 염창동 새마을금고 건너편 (모닝글로리),21,60,37.55004883,126.87316132,ST-1508
10,1172. 가양3동 주민센터,1,0,37.56124878,126.86058044,ST-1509
17,1173. 강서구청사거리(SH타워),12,6,37.55625916,126.85331726,ST-1510
11,1174. 강서구청사거리(부민병원),3,0,37.55659866,126.85147095,ST-1511
17,1175. 대한항공 인력개발센터,5,0,37.55437851,126.85753632,ST-1512
12,1177. 수명중․고교,8,0,37.55010986,126.82367706,ST-1514
12,1178. 개화산역 2번 출구,1,0,37.57247162,126.80616760,ST-1515
17,1180. 마곡엠밸리 15단지(1502동) 건너편,0,0,37.55746841,126.82971954,ST-1517
12,1181. 농수산식품공사 (강서지사),0,0,37.55104446,126.81849670,ST-1518
22,1182. KBS 스포츠월드,7,0,37.55687714,126.84880829,ST-1519
12,1183. KC 대학교,2,0,37.54832077,126.85340118,ST-1520
17,1184. 마곡13단지,13,6,37.55644989,126.81597900,ST-1645
12,1185. 등촌9단지,5,0,37.56290054,126.84947205,ST-1646
12,1186. 송정중학교,9,0,37.55472946,126.81609344,ST-1647
17,1187. 강서수산물도매시장,2,0,37.55302048,126.81836700,ST-1676
10,1188. 롯데중앙연구소,0,0,37.57138062,126.82833862,ST-1708
12,1190. 마곡역 교차로(2번출구),0,0,37.56050110,126.82665253,ST-1709
11,1191. 마곡역 교차로(NH농협),1,0,37.56024170,126.82716370,ST-1689
12,1192. 마곡수명산파크 209동 건너편,0,0,37.55553818,126.82675934,ST-1710
17,1193. 마곡센트럴타워 1차,0,0,37.55947113,126.83207703,ST-1688
12,1194. 센서텍㈜,1,0,37.56330109,126.83682251,ST-1711
22,1195. 코오롱One&Only타워,1,0,37.56412888,126.83431244,ST-1712
17,1196. 서울식물원(문화센터) 건너편,8,0,37.56824112,126.83583069,ST-1713
22,1197. 엘펠리체 호텔 건너편,3,0,37.56024170,126.83580780,ST-1714
22,1198. LG 사이언스파크,0,0,37.56254959,126.82743835,ST-1715
15,1199. 우장산역 3번출구,11,0,37.54782104,126.83612823,ST-1694
12,1200. 개화광역환승센터,11,8,37.57844925,126.79897308,ST-1695
12,1201. 가락시장역 3번 출구,1,0,37.49317932,127.11854553,ST-838
22,1203. 밀리아나2빌딩 앞,1,0,37.49372864,127.12062073,ST-737
12,1204. 거여역 3번출구,3,0,37.49334335,127.14472961,ST-930
17,1205. 종합운동장역 4번출구,0,0,37.51042938,127.07137299,ST-539
22,1206. 9호선종합운동장역 9번출구,0,0,37.51128006,127.07823944,ST-540
12,1207. 마천CU우방점 앞,5,0,37.49975586,127.15250397,ST-738
22,1208. 풍납현대아파트쉼터,3,0,37.52974701,127.11996460,ST-541
22,1209. 잠실나루역 (2번 출구 쪽),0,0,37.52045059,127.10420227,ST-542
32,1210. 롯데월드타워(잠실역2번출구 쪽),0,0,37.51312637,127.10095978,ST-891
9,1211. 방이삼거리,3,0,37.51210403,127.10778046,ST-739
12,1212. 송파역 2번 출구앞,1,0,37.49941254,127.11286926,ST-839
22,1213. 백토공원 앞,3,0,37.50831985,127.13321686,ST-543
12,1214. 오금역 7번 출구 인근,0,0,37.50259399,127.12764740,ST-740
17,1215. 올림픽공원역 1번출구 앞,1,0,37.51657104,127.13153839,ST-544
17,1217. 송파파인타운 7단지,3,0,37.47930527,127.12979889,ST-545
14,1218. 방이역 4번출구,2,0,37.50896835,127.12583923,ST-892
17,1220. 잠실본동주민센터뒤 잠실근린공원,5,0,37.50569153,127.08403778,ST-546
12,1221. 삼전사거리 포스코더샵,8,25,37.50419998,127.08753204,ST-933
17,1222. 잠실새내역 5번 출구 뒤,0,0,37.51198196,127.08505249,ST-547
17,1224. 아시아지하보도 2번 출구,4,0,37.51216888,127.07893372,ST-548
12,1226. 잠실4동 주민센터 옆,2,0,37.52007675,127.11236572,ST-894
12,1227. 거여역 8번출구 뒤,1,0,37.49312592,127.14382172,ST-895
12,1228. 마천사거리 ,4,0,37.49769974,127.14620209,ST-896
17,1229. 송파체육문화회관 앞,3,0,37.49068832,127.14312744,ST-549
12,1230. 송파중학교 정문,2,0,37.49567032,127.13059235,ST-897
12,1231. 잠실역 6번출구,0,0,37.51408768,127.09902954,ST-840
12,1232. 롯데마트 주차장 옆,1,0,37.51208878,127.09619141,ST-550
11,1233. 잠실3거리(갤러리아팰리스),1,0,37.51050949,127.09336853,ST-551
17,1235. 잠실트리지움310동 옆,4,0,37.50887299,127.08716583,ST-553
22,1239. 문정 법조단지3,0,0,37.48084259,127.11801147,ST-899
12,1240. 문정 법조단지4,1,0,37.48057556,127.11856842,ST-900
17,1241. 문정 법조단지5,0,0,37.48123932,127.11979675,ST-901
17,1242. 문정 법조단지6,0,0,37.48209000,127.11974335,ST-902
22,1243. 문정 법조단지7,4,0,37.48453140,127.12016296,ST-903
9,1244. 문정 법조단지8,1,0,37.48153687,127.12212372,ST-904
12,1245. 문정 법조단지9,2,0,37.47946548,127.12532806,ST-905
32,1246. 문정 법조단지10,2,0,37.47750854,127.12632751,ST-906
17,1247. 문정 법조단지11,3,0,37.47882080,127.12351227,ST-907
22,1248. 방이초등학교,3,0,37.51396179,127.12167358,ST-908
12,1249. 아주중학교건너편,7,0,37.50546265,127.07734680,ST-909
12,1250.문정2동 주민센터,3,0,37.48987198,127.11083984,ST-981
12,1251. 석촌역 2번출구,1,0,37.50593185,127.10774994,ST-1070
12,1253. 오금역 3번 출구 뒤,1,0,37.50165176,127.12818146,ST-1072
10,1256. 문정현대아파트 교차로,1,0,37.49113083,127.12580872,ST-1075
22,1257. 가락시장역 롯데마트앞,0,0,37.49209976,127.11775208,ST-1076
12,1258. 가락미륭아파트 앞,1,0,37.49319839,127.12899780,ST-1077
17,1259. 방이역 1번출구,0,0,37.50898361,127.12659454,ST-1078
10,1260. 방이동 한양3차아파트 옆,5,0,37.50630188,127.12139893,ST-1079
12,1262. 송파여성문화회관 앞,0,0,37.50580215,127.10971832,ST-1081
12,1263. 장지공영차고지,5,0,37.48054123,127.13701630,ST-1082
10,1264. 천호역 10번 출구 앞,2,0,37.53858185,127.12280273,ST-1083
12,1265. 문정동 근린공원,2,0,37.48598862,127.12476349,ST-1084
12,1266. 문정동 글샘 공원,3,0,37.47880936,127.12000275,ST-1085
17,1267. 올림픽공원 남2문 앞,5,0,37.51424026,127.12306976,ST-1086
17,1268. 몽촌토성역 1번출구 옆,2,0,37.51728821,127.11419678,ST-1087
12,1269. 리센츠아파트 ,0,0,37.51194382,127.09121704,ST-1088
17,1271. 송파도서관,2,0,37.49998474,127.13539124,ST-1089
22,1274. 영파여고 앞,16,0,37.53284836,127.12104797,ST-1092
17,1275. 거여초등학교 옆,6,0,37.50458908,127.13936615,ST-1367
10,1277. 오금동 송파 참병원,6,0,37.50375748,127.13709259,ST-1408
12,1278. 송파구청 교차로,0,0,37.51583099,127.10679626,ST-1409
12,1279. 마천금호어울림 1차아파트 건너편,3,0,37.49751663,127.15467834,ST-1410
22,1280. 송파파크데일 2단지입구 앞 주차장,1,0,37.49565887,127.15717316,ST-1411
12,1282. 송파소방서 맞은편(성내4교),3,0,37.49987411,127.14147949,ST-1413
10,1283. 오금공원 사거리,0,0,37.50541306,127.13169098,ST-1414
17,1285. 위례별 유치원 뒤,6,0,37.47747040,127.14459229,ST-1416
12,1286. 위례중앙푸르지오 1단지 앞,19,25,37.47437668,127.14067078,ST-1417
10,1287. 위례아이파크 101동 맞은편,4,0,37.47753143,127.14151764,ST-1418
17,1288. 문정중교 사거리,3,0,37.48799896,127.13108826,ST-1419
12,1289. 풍납동 자전거보관소,3,0,37.53147125,127.11109161,ST-1422
12,1290. 위례송파꿈에그린아파트24단지 앞 성벽 다리 밑,11,0,37.47465897,127.13771820,ST-1579
12,1291. 서울체육고등학교 앞,0,0,37.52193832,127.13186646,ST-1580
12,1293. 석촌호교차로 (스타벅스 앞),4,0,37.50656128,127.09655762,ST-1582
22,1295. 잠실역 8번출구,1,0,37.51396179,127.10030365,ST-1584
12,1296. 석촌호수교차로 (송파나루근린공원 앞),0,0,37.50867844,127.10343170,ST-1585
12,1297. 석촌호수교차로(동호 팔각정 앞),3,0,37.50920105,127.10411835,ST-1586
17,1299. 송파소방서 (방이119안전센터),2,0,37.51987839,127.13671112,ST-1588
17,1300. 오륜사거리,5,0,37.50693893,127.13922119,ST-1589
7,1302. 한성대입구역6번출구 뒤,0,0,37.58876419,127.00630951,ST-825
12,1303. 돈암초교 입구,2,0,37.59169388,127.01249695,ST-931
17,1304. 만해공원,0,0,37.59440231,126.99230957,ST-826
17,1305. 성북구청,1,0,37.58932877,127.01643372,ST-947
12,1306. 한성대입구역2번출구,0,0,37.58844757,127.00670624,ST-842
20,1308. 안암로터리 버스정류장 앞,0,0,37.58259201,127.02897644,ST-827
10,1314. 정릉꿈에그린1단지 201동 앞,1,0,37.60243988,127.01168823,ST-559
12,1315. 고려사대부속중고 정문,0,0,37.60776138,127.00328064,ST-560
22,1316. 고려사대부속중고 건너편 ,1,0,37.60726166,127.00283813,ST-562
12,1318. 길음역 3번출구 뒤,2,0,37.60308456,127.02478790,ST-563
12,1320. LG베스트샵 종암점,11,17,37.59928513,127.03462219,ST-597
16,1321. 국민은행 종암동지점 앞,0,0,37.59328842,127.03666687,ST-655
12,1322. 래미안라센트아파트 103동 앞,0,0,37.59806824,127.03927612,ST-565
12,1323. 월곡역 입구 육교 밑,0,0,37.60043335,127.04020691,ST-567
12,1325. 상월곡역 4번출구,0,0,37.60580826,127.04773712,ST-571
12,1326. 상월곡역 1번출구,0,0,37.60606766,127.04731750,ST-572
12,1327. 상월곡역 3번출구,3,0,37.60734177,127.05068207,ST-574
12,1328. 월곡역 3번출구,12,8,37.60262680,127.04163361,ST-910
12,1332. 석계역 5번출구 건너편,3,0,37.61355591,127.06609344,ST-578
17,1333. 석관초등학교 앞,2,0,37.61052322,127.05979919,ST-579
12,1334. 석관동주민센터 앞,0,0,37.61299896,127.06130981,ST-580
22,1336. 성북3교 위,3,0,37.59125137,127.01400757,ST-1200
12,1337. 돈암성당 옆,1,0,37.59038162,127.01713562,ST-1201
17,1338. 용문2교 옆,1,0,37.58689880,127.02075195,ST-1202
11,1339. 삼성전자서비스 성북센터,5,0,37.61056900,127.03350830,ST-1203
13,1340. 광운초등학교 앞,2,0,37.61784363,127.05500031,ST-1204
17,1342. 성북쉼터 앞,0,0,37.59261703,126.99793243,ST-1206
12,1343. 한성대7번출구 앞,3,0,37.58924866,127.00737762,ST-1207
17,1346. 길음8골어린이공원 옆,12,0,37.60897827,127.02024841,ST-1210
22,1347. 길음래미안아파트817동 상가 앞,0,0,37.60710526,127.02149963,ST-1211
14,1348. 성북제일새마을금고 본점 앞,6,0,37.60475159,127.02275848,ST-1212
12,1349. 월계2교 버스정류장 앞,1,0,37.62382889,127.05020142,ST-1213
10,1351. 안암2교 옆,3,0,37.57944870,127.02419281,ST-1215
10,1352. e 편한세상 보문아파트 내,0,0,37.58388138,127.01709747,ST-1216
10,1353. 금호어울림센터힐 내,3,0,37.60083008,127.02355194,ST-1217
20,1354. 고려대학교 2번출구,0,0,37.59071350,127.03619385,ST-1317
22,1355. 보문2교,9,0,37.58869934,127.01891327,ST-1347
22,1357. 북한산보국문역,3,0,37.61207199,127.00813293,ST-1383
9,1358. 정릉도서관 앞,2,0,37.60478973,127.01058197,ST-1384
22,1359. 장위뉴타운 꿈에 숲 코오롱 하늘채 앞,4,0,37.61980057,127.04509735,ST-1385
12,1360. 정릉역,5,0,37.60309601,127.01350403,ST-1386
22,1361. 홍익중고 입구,2,0,37.59284210,127.00212097,ST-1424
12,1362. 보문역6번출구 앞,8,0,37.58509827,127.01967621,ST-1454
17,1363. 보문4교 인근,9,6,37.58375168,127.02194977,ST-1455
12,1364. 성북동 치안센터 앞,0,0,37.59017181,127.00408936,ST-1456
17,1365. 선잠단지 앞,1,0,37.59336090,126.99909210,ST-1457
12,1366. 일신초등학교 옆,0,0,37.59972000,127.04038239,ST-1458
17,1367. 길음문화복합미디어센터,2,0,37.60404587,127.02265930,ST-1459
12,1368. 성신여대입구 교차로,1,0,37.59148026,127.02010345,ST-1460
17,1369. 미아사거리,10,0,37.60913086,127.03002930,ST-1633
22,1370. 복자사랑 피정의 집,0,0,37.59453964,126.99520874,ST-1634
17,1372. KEB은행 고대점,0,0,37.58644485,127.03160095,ST-1636
10,1373. 성북구보건소 건너편,5,0,37.60229111,127.03897858,ST-1637
22,1375. 생명의 전화 종합복지관 앞 교차로,5,0,37.60390854,127.03737640,ST-1723
9,1376. 한국과학기술연구원 중문,0,0,37.59732056,127.04380798,ST-1745
12,1377. 한국과학기술연구원 북문,0,0,37.60395813,127.04534149,ST-1746
10,1394.길음뉴타운 래미안9단지,3,0,37.60241699,127.01971436,ST-2235
17,1401. 극동늘푸른아파트,9,0,37.61473846,127.07636261,ST-558
12,1402. 금란주차장 앞,8,0,37.60007095,127.10233307,ST-561
17,1403. 중화빌딩 앞 (동부시장),9,0,37.59424973,127.07657623,ST-566
12,1404. 동일로 지하차도,1,0,37.59529877,127.08003235,ST-599
12,1405. 망우역 1번출구,2,0,37.59909821,127.09294891,ST-568
12,1406. 망우청소년수련관,0,0,37.60625076,127.10826874,ST-569
12,1407. 먹골역 1번출구 뒤,12,0,37.61151123,127.07788849,ST-847
12,1408. 먹골역 6번출구 앞,10,8,37.61072159,127.07747650,ST-570
12,1410. 면목 대원칸타빌아파트,11,0,37.57778168,127.09018707,ST-573
12,1411. 상봉시장앞 교차로 한성빌딩 앞,0,0,37.59254074,127.08673859,ST-912
12,1412. 면목초등학교,2,0,37.59096146,127.08706665,ST-575
12,1413. 봉화산역 5번출구 뒤,0,0,37.61756134,127.09030914,ST-577
12,1414. 사가정역 1번출구,7,17,37.58164597,127.08843231,ST-849
12,1416. 상봉역 3번출구,1,0,37.59521866,127.08599854,ST-850
17,1418. 새솔초등학교,10,0,37.61743927,127.10901642,ST-583
17,1420. 신내어울공원 앞,2,0,37.61423111,127.09676361,ST-585
22,1421. 신내역 4번출구,21,0,37.61246109,127.10337830,ST-586
12,1422. 신내우디안아파트 1단지,5,0,37.62009811,127.10646057,ST-587
12,1424. 양원역 2번출구,0,0,37.60631180,127.10774231,ST-588
12,1425. 용마문화복지센터,0,0,37.58745956,127.09597015,ST-589
17,1426. 면목도시개발아파트 1동 앞,4,0,37.57358932,127.08682251,ST-590
12,1427. 용마산역 1번출구,1,0,37.57429886,127.08691406,ST-852
12,1428. 원묵고등학교,0,0,37.61602402,127.08596802,ST-853
17,1429. 장안중학교,5,0,37.59995651,127.08000183,ST-854
22,1430. 중랑구청,2,0,37.60615158,127.09259796,ST-855
12,1431. 중랑구청 사거리,1,0,37.60649872,127.09545135,ST-856
12,1433. 중화역 2번출구,9,0,37.60207748,127.07958221,ST-857
17,1434. 홈플러스 면목동점,17,0,37.57986832,127.08236694,ST-592
17,1435. 능산삼거리,4,0,37.60868073,127.10079193,ST-593
17,1436. 영풍마드레빌,7,0,37.60588074,127.10063171,ST-594
17,1437. 늘푸른공원 앞,10,0,37.58341980,127.07992554,ST-595
17,1438. 홈플러스 신내점 앞,9,0,37.61616898,127.09348297,ST-596
12,1440. 하나은행 면목지점,3,0,37.58637238,127.08007050,ST-942
17,1441. 신내능말공원,11,0,37.61671066,127.11073303,ST-584
10,1442. (구)신한은행 중랑교지점,6,0,37.59859085,127.07981873,ST-1093
12,1443. 구립망우청소년독서실,1,0,37.59552002,127.09877777,ST-1094
12,1444. 면목4치안센터,13,0,37.57402802,127.08054352,ST-1095
12,1445. 용마지구대,2,0,37.57994080,127.07939911,ST-1096
12,1446. 중랑전화국 교차로,3,0,37.59130096,127.08032990,ST-1097
17,1447. 면목역 3번출구,10,0,37.58890152,127.08728027,ST-1098
17,1448. 코스트코 상봉점,0,0,37.59732056,127.08979797,ST-1099
17,1449. 상봉역 1번출구,2,0,37.59655762,127.08583832,ST-1332
12,1450. 화랑대역 7번출구,12,0,37.61963654,127.08504486,ST-1333
12,1451. 중랑세무서,2,0,37.59275818,127.07266998,ST-1334
17,1452. 겸재교 진입부,20,6,37.58565521,127.07505035,ST-1335
11,1453. 중랑캠핑숲,5,0,37.60460281,127.10925293,ST-1345
12,1454. 한국전력공사(동대문 중랑지사),14,8,37.60734940,127.07859039,ST-1346
12,1455. 상봉역 2번 출구,0,0,37.59632874,127.08589935,ST-1375
12,1456. 상아빌딩(우림시장 교차로),7,25,37.59511185,127.10032654,ST-1380
12,1457. 동원사거리,7,0,37.58975983,127.09323883,ST-1381
11,1458. 상봉터미널2,6,0,37.59733963,127.09308624,ST-1451
12,1459. 용마한신아파트사거리,5,0,37.58034897,127.09265137,ST-1452
11,"1501. 미아역 3번,4번 출구 사이",0,0,37.62607956,127.02648163,ST-948
14,1503. 이디야 커피 수유역점 앞,1,0,37.63927841,127.02675629,ST-643
